UID1	UID2	NUM_POSTS	DURATION
1408609238	100001662339814	0	0
1408609238	672758001	1	410357
1408609238	1425776972	0	0
1408609238	652176186	0	0
1408609238	532286755	0	0
1408609238	1731748316	0	0
1408609238	748771615	0	0
1408609238	632917120	0	0
1408609238	672628756	0	0
1408609238	1484063117	0	0
1408609238	598968790	0	0
1408609238	715273122	0	0
1408609238	100001284640381	0	0
1408609238	1410131225	0	0
1408609238	100002124233324	0	0
1408609238	748963482	0	0
1408609238	1417818496	0	0
1408609238	10202887345656400	0	0
1408609238	1541409370	0	0
1231571476	10202887345656400	0	0
1231571476	100000569553249	0	0
1231571476	672628756	0	0
1231571476	1484063117	0	0
1231571476	672758001	0	0
1231571476	805644682	0	0
1231571476	697545734	0	0
652176186	1408609238	0	0
652176186	672758001	0	0
652176186	647091579	0	0
652176186	532286755	0	0
652176186	10202887345656400	0	0
652176186	672628756	0	0
652176186	1484063117	0	0
652176186	598968790	0	0
652176186	694595874	0	0
652176186	648957902	0	0
1595256863	694545397	0	0
1595256863	10202887345656400	0	0
1595256863	100000377673327	0	0
1595256863	1425776972	0	0
716989724	10202887345656400	0	0
716989724	1745601960	0	0
100003014259015	575604614	0	0
100003014259015	10202887345656400	0	0
100003014259015	100000248112924	0	0
100003014259015	870195595	0	0
100003014259015	100005008060766	0	0
1663428681	1230679907	0	0
1663428681	1843226299	0	0
1663428681	768498227	0	0
1663428681	100000845732145	0	0
1663428681	1366721509	0	0
1663428681	1618673625	0	0
1663428681	100001639216058	0	0
1663428681	1282025509	0	0
1663428681	10202887345656400	0	0
1663428681	791763800	0	0
1663428681	651819101	0	0
1663428681	1467442000	0	0
1663428681	1453381816	0	0
1484063117	1583371864	0	0
1484063117	1408609238	0	0
1484063117	672758001	0	0
1484063117	100002133748936	0	0
1484063117	1231571476	0	0
1484063117	652176186	0	0
1484063117	532286755	0	0
1484063117	697545734	0	0
1484063117	596652907	0	0
1484063117	1602417460	0	0
1484063117	100000569553249	0	0
1484063117	598968790	0	0
1484063117	715273122	0	0
1484063117	100000433766415	0	0
1484063117	100000346253194	0	0
1484063117	100001981626617	0	0
1484063117	1499263425	0	0
1484063117	1416563357	0	0
1484063117	555189846	0	0
1484063117	1525221175	0	0
1484063117	1528826099	0	0
1484063117	100004338640952	0	0
1484063117	1614127725	0	0
1484063117	1297997256	0	0
1484063117	1731748316	0	0
1484063117	672628756	0	0
1484063117	766085549	0	0
1484063117	1393352369	0	0
1484063117	1410131225	0	0
1484063117	100000422736493	0	0
1484063117	1629375284	0	0
1484063117	10202887345656400	0	0
1484063117	642370458	0	0
1484063117	805644682	0	0
1484063117	100000442973751	0	0
1095902725	10202887345656400	0	0
1095902725	1434465613	0	0
1095902725	647091579	0	0
1095902725	1424724587	0	0
1095902725	648957902	0	0
1113437421	100004419210243	0	0
1113437421	1538382939	0	0
1113437421	1282025509	0	0
1113437421	10202887345656400	0	0
1113437421	100000751959245	0	0
1113437421	100000208751151	0	0
100001981626617	705771032	0	0
100001981626617	1432429494	0	0
100001981626617	697545734	0	0
100001981626617	646502543	0	0
100001981626617	100000569553249	0	0
100001981626617	1475979005	0	0
100001981626617	1484063117	0	0
100001981626617	1414964727	0	0
100001981626617	100000403926111	0	0
100001981626617	1216208107	0	0
100001981626617	694545397	0	0
100001981626617	10202887345656400	0	0
100001981626617	656929221	0	0
100001981626617	1354387028	0	0
100001981626617	1611201410	0	0
100001981626617	100004338640952	0	0
555189846	1583371864	0	0
555189846	10202887345656400	0	0
555189846	1484063117	0	0
555189846	642370458	0	0
555189846	1528826099	0	0
555189846	697545734	0	0
555189846	100000442973751	0	0
1282025509	723172186	0	0
1282025509	100000208751151	0	0
1282025509	1663428681	0	0
1282025509	10202887345656400	0	0
1282025509	100000751959245	0	0
1282025509	656929221	0	0
1282025509	1075224541	0	0
1282025509	1113437421	0	0
100000751959245	1282025509	0	0
100000751959245	10202887345656400	0	0
100000751959245	1113437421	0	0
100000751959245	723172186	0	0
1541409370	1408609238	0	0
1541409370	672758001	0	0
1541409370	1731748316	0	0
1541409370	748771615	0	0
1541409370	697545734	0	0
1541409370	646502543	0	0
1541409370	598968790	0	0
1541409370	715273122	0	0
1541409370	100001284640381	0	0
1541409370	100000858456331	0	0
1541409370	100002124233324	0	0
1541409370	748963482	0	0
1541409370	1686766391	0	0
1541409370	694545397	0	0
1541409370	10202887345656400	0	0
1541409370	642370458	0	0
1185357063	10202887345656400	0	0
1185357063	1407062063	0	0
1185357063	1526231947	0	0
1185357063	1551173790	0	0
1185357063	1336043672	0	0
1185357063	1516252771	0	0
1297997256	1583371864	0	0
1297997256	100002133748936	0	0
1297997256	1731748316	0	0
1297997256	1060368596	0	0
1297997256	697545734	0	0
1297997256	1602417460	0	0
1297997256	672628756	0	0
1297997256	1659943748	0	0
1297997256	1484063117	0	0
1297997256	715273122	0	0
1297997256	640288042	0	0
1297997256	1393352369	0	0
1297997256	531504053	0	0
1297997256	1410131225	0	0
1297997256	1499263425	0	0
1297997256	1567274463	0	0
1297997256	1525221175	0	0
1297997256	10202887345656400	0	0
1297997256	642370458	0	0
1297997256	100000548623527	0	0
1297997256	805644682	0	0
1297997256	100000442973751	0	0
1297997256	100004338640952	0	0
1513271420	10202887345656400	0	0
1513271420	646502543	0	0
1513271420	1393352369	0	0
1475979005	10202887345656400	0	0
1475979005	100001981626617	0	0
1532377551	10202887345656400	0	0
1532377551	1187410672	0	0
1532377551	1414964727	0	0
1532377551	1060368596	0	0
1532377551	100002904201228	0	0
531504053	10202887345656400	0	0
531504053	1547022242	0	0
531504053	1297997256	0	0
1552345178	1195444587	0	0
1552345178	1469799566	0	0
1552345178	1048568972	0	0
1552345178	100000471291161	0	0
1552345178	10203691774996017	0	0
1552345178	10202887345656400	0	0
1552345178	1422595987	0	0
1552345178	1377851303	0	0
1552345178	666327766	0	0
575012474	529985484	0	0
575012474	10202887345656400	0	0
575012474	1622191196	0	0
1048568972	1552345178	0	0
1048568972	1195444587	0	0
1048568972	1469799566	0	0
1048568972	100000471291161	0	0
1048568972	10203691774996017	0	0
1048568972	10202887345656400	0	0
1048568972	1422595987	0	0
1048568972	1377851303	0	0
1048568972	666327766	0	0
100000582553673	1538382939	0	0
100000582553673	10202887345656400	0	0
100000582553673	100001817018452	0	0
100000582553673	100000246619166	0	0
100000582553673	1464931818	0	0
100000695438247	10202887345656400	0	0
100000695438247	100002904201228	0	0
100000695438247	100000403926111	0	0
1486376435	100000635016978	0	0
1486376435	1558276911	0	0
1486376435	1094426761	0	0
1486376435	10202887345656400	0	0
1486376435	100000316095780	0	0
1486376435	100000766269068	0	0
1486376435	1526670301	0	0
1486376435	100000346253194	0	0
100000641996988	10202887345656400	0	0
100000641996988	1659943748	0	0
1623275317	1438393252	0	0
1623275317	100000527614629	0	0
1623275317	100001214229338	0	0
1623275317	10202887345656400	0	0
1623275317	1659943748	0	0
1623275317	640288042	0	0
1623275317	100000231543614	0	0
1623275317	651585216	0	0
100000316095780	1425776972	0	0
100000316095780	100002151140698	0	0
100000316095780	100001214229338	0	0
100000316095780	1316755824	0	0
100000316095780	1414964727	0	0
100000316095780	100000403926111	0	0
100000316095780	100000635016978	0	0
100000316095780	1558276911	0	0
100000316095780	1094426761	0	0
100000316095780	1486376435	0	0
100000316095780	1571010196	0	0
100000316095780	10202887345656400	0	0
100000316095780	100000766269068	0	0
100000316095780	1526670301	0	0
100000316095780	100000482383891	0	0
100000316095780	1759784240	0	0
100000316095780	1611201410	0	0
1328503049	10202887345656400	0	0
1328503049	100001065211356	0	0
1328503049	1434465613	0	0
1328503049	623764805	0	0
1328503049	1526231947	0	0
1328503049	608193539	0	0
1328503049	897750098	0	0
666327766	1552345178	0	0
666327766	1195444587	0	0
666327766	1048568972	0	0
666327766	100000471291161	0	0
666327766	10203691774996017	0	0
666327766	10202887345656400	0	0
666327766	1422595987	0	0
666327766	1377851303	0	0
1437570698	870195595	0	0
1437570698	10202887345656400	0	0
1437570698	100000471291161	0	0
1547022242	10202887345656400	0	0
1547022242	531504053	0	0
1547022242	1218554096	0	0
672758001	1408609238	0	0
672758001	100002133748936	0	0
672758001	1231571476	0	0
672758001	652176186	0	0
672758001	532286755	0	0
672758001	1731748316	0	0
672758001	748771615	0	0
672758001	100000569553249	0	0
672758001	672628756	0	0
672758001	1484063117	0	0
672758001	598968790	0	0
672758001	715273122	0	0
672758001	100001284640381	0	0
672758001	1216208107	0	0
672758001	1410131225	0	0
672758001	100002124233324	0	0
672758001	100000422736493	0	0
672758001	1499263425	0	0
672758001	10202887345656400	0	0
672758001	1541409370	0	0
672758001	1354387028	0	0
672758001	805644682	0	0
672758001	651585216	0	0
100002133748936	672758001	0	0
100002133748936	1297997256	0	0
100002133748936	1731748316	0	0
100002133748936	1465542499	0	0
100002133748936	697545734	0	0
100002133748936	632917120	0	0
100002133748936	1484063117	0	0
100002133748936	100000433766415	0	0
100002133748936	100000346253194	0	0
100002133748936	1558276911	0	0
100002133748936	1499263425	0	0
100002133748936	1302730629	0	0
100002133748936	1535145889	0	0
100002133748936	10202887345656400	0	0
100002133748936	1659503958	0	0
100002133748936	100000548623527	0	0
100002133748936	1528826099	0	0
100002133748936	1354387028	0	0
100002133748936	805644682	0	0
100002133748936	100000442973751	0	0
100002133748936	100004338640952	0	0
100002151140698	100000858456331	0	0
100002151140698	1425776972	0	0
100002151140698	694545397	0	0
100002151140698	10202887345656400	0	0
100002151140698	100000316095780	0	0
100002151140698	100000766269068	0	0
100002151140698	1659503958	0	0
100002151140698	1526670301	0	0
646502543	705771032	0	0
646502543	1731748316	0	0
646502543	697545734	0	0
646502543	100002904201228	0	0
646502543	1513271420	0	0
646502543	1414964727	0	0
646502543	715273122	0	0
646502543	100001284640381	0	0
646502543	100000403926111	0	0
646502543	100001981626617	0	0
646502543	748963482	0	0
646502543	694545397	0	0
646502543	10202887345656400	0	0
646502543	1541409370	0	0
100001639216058	1230679907	0	0
100001639216058	768498227	0	0
100001639216058	100000845732145	0	0
100001639216058	1618673625	0	0
100001639216058	1663428681	0	0
100001639216058	10202887345656400	0	0
100001639216058	651819101	0	0
100001639216058	1453381816	0	0
1075224541	1282025509	0	0
1075224541	10202887345656400	0	0
1075224541	723172186	0	0
1745601960	1416563357	0	0
1745601960	1110382705	0	0
1745601960	1039917195	0	0
1745601960	716989724	0	0
1745601960	1388412666	0	0
1745601960	10202887345656400	0	0
1745601960	1054171618	0	0
1745601960	1098303282	0	0
1745601960	651585216	0	0
1453381816	1230679907	0	0
1453381816	1843226299	0	0
1453381816	768498227	0	0
1453381816	100000845732145	0	0
1453381816	1366721509	0	0
1453381816	100000830952849	0	0
1453381816	1618673625	0	0
1453381816	100001639216058	0	0
1453381816	1663428681	0	0
1453381816	10202887345656400	0	0
1453381816	791763800	0	0
1453381816	651819101	0	0
1453381816	1467442000	0	0
1179036883	10202887345656400	0	0
1179036883	100000569553249	0	0
1179036883	697545734	0	0
1179036883	1611201410	0	0
648957902	1119256839	0	0
648957902	652176186	0	0
648957902	550477980	0	0
648957902	532286755	0	0
648957902	1424724587	0	0
648957902	1498635154	0	0
648957902	10202887345656400	0	0
648957902	1526231947	0	0
648957902	598968790	0	0
648957902	1095902725	0	0
648957902	1336043672	0	0
648957902	686094791	0	0
100006294912971	1499263425	0	0
100006294912971	10202887345656400	0	0
623764805	10202887345656400	0	0
623764805	100001065211356	0	0
623764805	1328503049	0	0
623764805	608193539	0	0
623764805	897750098	0	0
723172186	1538382939	0	0
723172186	100001644732840	0	0
723172186	100001817018452	0	0
723172186	100000830952849	0	0
723172186	1282025509	0	0
723172186	10202887345656400	0	0
723172186	100000751959245	0	0
723172186	656929221	0	0
723172186	1075224541	0	0
723172186	1464931818	0	0
723172186	708780549	0	0
100002144830844	100000523153161	0	0
100002144830844	10202887345656400	0	0
100002144830844	1659943748	0	0
100002144830844	100001373962666	0	0
100001586745949	10202887345656400	0	0
100001586745949	100000377673327	0	0
100001586745949	1659943748	0	0
100001586745949	100000527614629	0	0
100001586745949	1731748316	0	0
1686766391	1060368596	0	0
1686766391	1414964727	0	0
1686766391	640288042	0	0
1686766391	100000403926111	0	0
1686766391	1216208107	0	0
1686766391	100000346253194	0	0
1686766391	1438393252	0	0
1686766391	1567274463	0	0
1686766391	10202887345656400	0	0
1686766391	642370458	0	0
1686766391	1659503958	0	0
1686766391	1541409370	0	0
1686766391	100000442973751	0	0
1686766391	100004338640952	0	0
1571010196	10202887345656400	0	0
1571010196	100000316095780	0	0
1508616813	10202887345656400	0	0
1508616813	1342187375	0	0
1508616813	691571580	0	0
1508616813	100006667627503	0	0
1508616813	1331863191	0	0
680099861	1583371864	0	0
680099861	10202887345656400	0	0
680099861	748963482	0	0
680099861	715273122	0	0
680099861	100001284640381	0	0
680099861	748771615	0	0
1515796705	1342444465	0	0
1515796705	10202887345656400	0	0
1515796705	1404555373	0	0
1526670301	1344921699	0	0
1526670301	100000635016978	0	0
1526670301	1558276911	0	0
1526670301	1094426761	0	0
1526670301	100002151140698	0	0
1526670301	1486376435	0	0
1526670301	10202887345656400	0	0
1526670301	100000316095780	0	0
1526670301	100000766269068	0	0
1526670301	100000403926111	0	0
1526670301	1759784240	0	0
1526670301	1611201410	0	0
694595874	10202887345656400	0	0
694595874	652176186	0	0
694595874	532286755	0	0
658494575	10202887345656400	0	0
658494575	100000651472379	0	0
1731748316	1408609238	0	0
1731748316	1344921699	0	0
1731748316	672758001	0	0
1731748316	100002133748936	0	0
1731748316	697545734	0	0
1731748316	646502543	0	0
1731748316	596652907	0	0
1731748316	100000569553249	0	0
1731748316	1659943748	0	0
1731748316	1484063117	0	0
1731748316	598968790	0	0
1731748316	715273122	0	0
1731748316	100000403926111	0	0
1731748316	1717351895	0	0
1731748316	100001586745949	0	0
1731748316	748963482	0	0
1731748316	1499263425	0	0
1731748316	1416563357	0	0
1731748316	1525221175	0	0
1731748316	100001743407623	0	0
1731748316	100000523153161	0	0
1731748316	1541409370	0	0
1731748316	1611201410	0	0
1731748316	1780599935	0	0
1731748316	1425776972	0	0
1731748316	1297997256	0	0
1731748316	1465542499	0	0
1731748316	100001284640381	0	0
1731748316	100000858456331	0	0
1731748316	1644908806	0	0
1731748316	1463412857	0	0
1731748316	1629375284	0	0
1731748316	1535145889	0	0
1731748316	694545397	0	0
1731748316	10202887345656400	0	0
1731748316	1354387028	0	0
897750098	10202887345656400	0	0
897750098	100001065211356	0	0
897750098	1328503049	0	0
897750098	623764805	0	0
897750098	608193539	0	0
1539714784	10202887345656400	0	0
1539714784	1659943748	0	0
100003131935860	691571580	0	0
100003131935860	100001624471599	0	0
100003131935860	1528135224	0	0
100003131935860	10202887345656400	0	0
100003131935860	1342187375	0	0
100003131935860	1372937936	0	0
100003131935860	1408401940	0	0
100003131935860	1647621958	0	0
766085549	100001576031005	0	0
766085549	10202887345656400	0	0
766085549	1484063117	0	0
766085549	598968790	0	0
1404555373	10202887345656400	0	0
1404555373	100000651472379	0	0
1404555373	1515796705	0	0
1393352369	1614127725	0	0
1393352369	1297997256	0	0
1393352369	1594386863	0	0
1393352369	1513271420	0	0
1393352369	672628756	0	0
1393352369	1659943748	0	0
1393352369	1484063117	0	0
1393352369	715273122	0	0
1393352369	100002447883744	0	0
1393352369	1499263425	0	0
1393352369	1416563357	0	0
1393352369	100001373962666	0	0
1393352369	10202887345656400	0	0
1393352369	1054171618	0	0
1393352369	100003555214947	0	0
100002447883744	1551173790	0	0
100002447883744	10202887345656400	0	0
100002447883744	1393352369	0	0
100000858456331	1425776972	0	0
100000858456331	1731748316	0	0
100000858456331	100002151140698	0	0
100000858456331	100002904201228	0	0
100000858456331	100000257184730	0	0
100000858456331	694545397	0	0
100000858456331	10202887345656400	0	0
100000858456331	1659503958	0	0
100000858456331	100001284640381	0	0
100000858456331	1541409370	0	0
100000858456331	100000403926111	0	0
100000858456331	1611201410	0	0
1195444587	1552345178	0	0
1195444587	1469799566	0	0
1195444587	1048568972	0	0
1195444587	100000471291161	0	0
1195444587	10203691774996017	0	0
1195444587	100001547991101	0	0
1195444587	10202887345656400	0	0
1195444587	1422595987	0	0
1195444587	1377851303	0	0
1195444587	666327766	0	0
1424724587	1119256839	0	0
1424724587	100001065211356	0	0
1424724587	647091579	0	0
1424724587	550477980	0	0
1424724587	1498635154	0	0
1424724587	10202887345656400	0	0
1424724587	1526231947	0	0
1424724587	1095902725	0	0
1424724587	1424358033	0	0
1424724587	1336043672	0	0
1424724587	686094791	0	0
1424724587	648957902	0	0
100001373962666	100001662339814	0	0
100001373962666	100002144830844	0	0
100001373962666	100002124233324	0	0
100001373962666	1425776972	0	0
100001373962666	10202887345656400	0	0
100001373962666	1659943748	0	0
100001373962666	703915804	0	0
100001373962666	100001284640381	0	0
100001373962666	100000523153161	0	0
100001373962666	100000482383891	0	0
100001373962666	1393352369	0	0
575604614	1326189468	0	0
575604614	691571580	0	0
575604614	870195595	0	0
575604614	100003014259015	0	0
575604614	100000257541129	0	0
575604614	10202887345656400	0	0
575604614	1346916216	0	0
575604614	100000248112924	0	0
575604614	1654943022	0	0
575604614	785366101	0	0
575604614	509061973	0	0
575604614	100006667627503	0	0
575604614	1568529403	0	0
100000651472379	100002567128043	0	0
100000651472379	1342444465	0	0
100000651472379	1602417460	0	0
100000651472379	10202887345656400	0	0
100000651472379	1602755757	0	0
100000651472379	598968790	0	0
100000651472379	552782728	0	0
100000651472379	1404555373	0	0
100000651472379	658494575	0	0
1346916216	1277862516	0	0
1346916216	708004624	0	0
1346916216	870195595	0	0
1346916216	100000257541129	0	0
1346916216	575604614	0	0
1346916216	10202887345656400	0	0
1346916216	1077138040	0	0
1346916216	1654943022	0	0
1077138040	100000257541129	0	0
1077138040	10202887345656400	0	0
1077138040	1346916216	0	0
1077138040	708004624	0	0
1077138040	1654943022	0	0
100000482383891	10202887345656400	0	0
100000482383891	100000316095780	0	0
100000482383891	100002854744801	0	0
100000482383891	100000578884673	0	0
100000482383891	100000403926111	0	0
100000482383891	100001373962666	0	0
100000442973751	10202887345656400	0	0
100000442973751	1484063117	0	0
100000442973751	100002133748936	0	0
100000442973751	1297997256	0	0
100000442973751	1686766391	0	0
100000442973751	697545734	0	0
100000442973751	555189846	0	0
651585216	1388412666	0	0
651585216	10202887345656400	0	0
651585216	672758001	0	0
651585216	1745601960	0	0
651585216	1039917195	0	0
651585216	1623275317	0	0
1666223352	10202887345656400	0	0
1666223352	1659943748	0	0
1797720215	10202887345656400	0	0
1797720215	596652907	0	0
705771032	10202887345656400	0	0
705771032	598968790	0	0
705771032	100001981626617	0	0
705771032	100002375388238	0	0
705771032	646502543	0	0
705771032	1525221175	0	0
705771032	596652907	0	0
1528135224	100001624471599	0	0
1528135224	1060368596	0	0
1528135224	100002904201228	0	0
1528135224	10202887345656400	0	0
1528135224	1342187375	0	0
1528135224	100003131935860	0	0
1528135224	1414964727	0	0
1528135224	1372937936	0	0
703915804	10202887345656400	0	0
703915804	1659943748	0	0
703915804	100001373962666	0	0
100000433766415	1583371864	0	0
100000433766415	100002133748936	0	0
100000433766415	1567274463	0	0
100000433766415	1535145889	0	0
100000433766415	1525221175	0	0
100000433766415	10202887345656400	0	0
100000433766415	100000569553249	0	0
100000433766415	1484063117	0	0
100000433766415	1659503958	0	0
100000433766415	1528826099	0	0
100000433766415	100000403926111	0	0
100000433766415	100004338640952	0	0
1098303282	1583371864	0	0
1098303282	10202887345656400	0	0
1098303282	1745601960	0	0
1098303282	1659943748	0	0
1717351895	1731748316	0	0
1717351895	1250817911	0	0
1717351895	10202887345656400	0	0
1717351895	1659943748	0	0
1717351895	1591726455	0	0
1717351895	1411699343	0	0
1717351895	100000403926111	0	0
1717351895	100000231543614	0	0
1558276911	100000635016978	0	0
1558276911	100002133748936	0	0
1558276911	1094426761	0	0
1558276911	1486376435	0	0
1558276911	10202887345656400	0	0
1558276911	100000316095780	0	0
1558276911	100000766269068	0	0
1558276911	1526670301	0	0
1558276911	100000346253194	0	0
100000208751151	1538382939	0	0
100000208751151	1282025509	0	0
100000208751151	10202887345656400	0	0
100000208751151	1113437421	0	0
1498635154	1119256839	0	0
1498635154	1628973322	0	0
1498635154	550477980	0	0
1498635154	532286755	0	0
1498635154	1551173790	0	0
1498635154	1424724587	0	0
1498635154	10202887345656400	0	0
1498635154	1407062063	0	0
1498635154	598968790	0	0
1498635154	1424358033	0	0
1498635154	1336043672	0	0
1498635154	686094791	0	0
1498635154	648957902	0	0
100000257541129	575604614	0	0
100000257541129	10202887345656400	0	0
100000257541129	1346916216	0	0
100000257541129	1077138040	0	0
100000257541129	1654943022	0	0
1659503958	100002133748936	0	0
1659503958	1425776972	0	0
1659503958	100002151140698	0	0
1659503958	1060368596	0	0
1659503958	697545734	0	0
1659503958	100000569553249	0	0
1659503958	100000433766415	0	0
1659503958	100000403926111	0	0
1659503958	100000858456331	0	0
1659503958	1438393252	0	0
1659503958	1686766391	0	0
1659503958	1535145889	0	0
1659503958	1525221175	0	0
1659503958	10202887345656400	0	0
1659503958	642370458	0	0
1528826099	100002133748936	0	0
1528826099	1499263425	0	0
1528826099	555189846	0	0
1528826099	1567274463	0	0
1528826099	10202887345656400	0	0
1528826099	100000569553249	0	0
1528826099	1484063117	0	0
1528826099	715273122	0	0
1528826099	100000433766415	0	0
1528826099	805644682	0	0
100004419210243	10202887345656400	0	0
100004419210243	1113437421	0	0
100001644732840	1538382939	0	0
100001644732840	10202887345656400	0	0
100001644732840	723172186	0	0
100001644732840	100001817018452	0	0
100001644732840	1464931818	0	0
1110382705	10202887345656400	0	0
1110382705	1745601960	0	0
100000248112924	100003014259015	0	0
100000248112924	575604614	0	0
100000248112924	10202887345656400	0	0
100000248112924	1654943022	0	0
100000248112924	870195595	0	0
100000248112924	100005008060766	0	0
100000248112924	1607341877	0	0
100000666300821	10202887345656400	0	0
100000666300821	1432429494	0	0
100000635016978	1558276911	0	0
100000635016978	1094426761	0	0
100000635016978	1486376435	0	0
100000635016978	10202887345656400	0	0
100000635016978	100000316095780	0	0
100000635016978	100000766269068	0	0
100000635016978	1526670301	0	0
100000635016978	1759784240	0	0
100000635016978	100000346253194	0	0
1187410672	10202887345656400	0	0
1187410672	100000569553249	0	0
1187410672	1532377551	0	0
1187410672	691571580	0	0
1187410672	697545734	0	0
1187410672	100002904201228	0	0
1187410672	100004338640952	0	0
100001624471599	691571580	0	0
100001624471599	1528135224	0	0
100001624471599	1331863191	0	0
100001624471599	10202887345656400	0	0
100001624471599	1342187375	0	0
100001624471599	100003131935860	0	0
100001624471599	1372937936	0	0
100001624471599	1408401940	0	0
100001624471599	1647621958	0	0
1526231947	1119256839	0	0
1526231947	1185357063	0	0
1526231947	647091579	0	0
1526231947	550477980	0	0
1526231947	532286755	0	0
1526231947	1424724587	0	0
1526231947	10202887345656400	0	0
1526231947	1407062063	0	0
1526231947	1328503049	0	0
1526231947	1336043672	0	0
1526231947	648957902	0	0
642370458	1297997256	0	0
642370458	1465542499	0	0
642370458	100000569553249	0	0
642370458	1619461521	0	0
642370458	1484063117	0	0
642370458	1540725124	0	0
642370458	1438393252	0	0
642370458	1686766391	0	0
642370458	555189846	0	0
642370458	1302730629	0	0
642370458	1567274463	0	0
642370458	10202887345656400	0	0
642370458	1659503958	0	0
642370458	1541409370	0	0
642370458	100004338640952	0	0
651819101	1230679907	0	0
651819101	1843226299	0	0
651819101	768498227	0	0
651819101	100000845732145	0	0
651819101	100000830952849	0	0
651819101	1618673625	0	0
651819101	100001639216058	0	0
651819101	1663428681	0	0
651819101	10202887345656400	0	0
651819101	791763800	0	0
651819101	1467442000	0	0
651819101	1453381816	0	0
1538382939	100001644732840	0	0
1538382939	723172186	0	0
1538382939	100000582553673	0	0
1538382939	100000208751151	0	0
1538382939	100001817018452	0	0
1538382939	10202887345656400	0	0
1538382939	1464931818	0	0
1538382939	1113437421	0	0
768498227	1230679907	0	0
768498227	1843226299	0	0
768498227	100000845732145	0	0
768498227	1342444465	0	0
768498227	1366721509	0	0
768498227	100001639216058	0	0
768498227	1663428681	0	0
768498227	606077175	0	0
768498227	10202887345656400	0	0
768498227	791763800	0	0
768498227	651819101	0	0
768498227	1467442000	0	0
768498227	1453381816	0	0
1366526117	10202887345656400	0	0
1366526117	1619460740	0	0
1617340089	1119256839	0	0
1617340089	10202887345656400	0	0
1617340089	1407062063	0	0
1617340089	1628973322	0	0
1617340089	1551173790	0	0
1617340089	1336043672	0	0
1617340089	1516252771	0	0
1388412666	10202887345656400	0	0
1388412666	100000569553249	0	0
1388412666	1745601960	0	0
1388412666	1039917195	0	0
1388412666	651585216	0	0
100000569553249	1583371864	0	0
100000569553249	672758001	0	0
100000569553249	1231571476	0	0
100000569553249	697545734	0	0
100000569553249	1388412666	0	0
100000569553249	1484063117	0	0
100000569553249	100000433766415	0	0
100000569553249	640288042	0	0
100000569553249	100000403926111	0	0
100000569553249	1179036883	0	0
100000569553249	1313936837	0	0
100000569553249	100001981626617	0	0
100000569553249	1302730629	0	0
100000569553249	1039917195	0	0
100000569553249	1342187375	0	0
100000569553249	1659503958	0	0
100000569553249	1528826099	0	0
100000569553249	100004338640952	0	0
100000569553249	1731748316	0	0
100000569553249	1465542499	0	0
100000569553249	1060368596	0	0
100000569553249	100002904201228	0	0
100000569553249	672628756	0	0
100000569553249	1216208107	0	0
100000569553249	1187410672	0	0
100000569553249	691571580	0	0
100000569553249	10202887345656400	0	0
100000569553249	642370458	0	0
100000569553249	100006667627503	0	0
100000569553249	1354387028	0	0
1434465613	1119256839	0	0
1434465613	10202887345656400	0	0
1434465613	1328503049	0	0
1434465613	1095902725	0	0
1434465613	550477980	0	0
1434465613	1551173790	0	0
1434465613	1336043672	0	0
1622191196	575012474	0	0
1622191196	529985484	0	0
1622191196	10202887345656400	0	0
1424358033	1424724587	0	0
1424358033	10202887345656400	0	0
1424358033	1498635154	0	0
1469799566	1552345178	0	0
1469799566	1195444587	0	0
1469799566	10202887345656400	0	0
1469799566	1048568972	0	0
1469799566	100000471291161	0	0
1469799566	1377851303	0	0
1469799566	10203691774996017	0	0
1313936837	10202887345656400	0	0
1313936837	100000569553249	0	0
1313936837	715273122	0	0
1499263425	1583371864	0	0
1499263425	672758001	0	0
1499263425	100002133748936	0	0
1499263425	1297997256	0	0
1499263425	1731748316	0	0
1499263425	1465542499	0	0
1499263425	697545734	0	0
1499263425	1484063117	0	0
1499263425	100001284640381	0	0
1499263425	1393352369	0	0
1499263425	100006294912971	0	0
1499263425	100002124233324	0	0
1499263425	100000257184730	0	0
1499263425	694545397	0	0
1499263425	10202887345656400	0	0
1499263425	1528826099	0	0
1499263425	1354387028	0	0
1094426761	10202887345656400	0	0
1094426761	100000635016978	0	0
1094426761	100000316095780	0	0
1094426761	1558276911	0	0
1094426761	100000766269068	0	0
1094426761	1526670301	0	0
1094426761	1486376435	0	0
606077175	10202887345656400	0	0
606077175	768498227	0	0
656929221	1843226299	0	0
656929221	723172186	0	0
656929221	100001981626617	0	0
656929221	100000246619166	0	0
656929221	1282025509	0	0
656929221	10202887345656400	0	0
656929221	100004338640952	0	0
656929221	708780549	0	0
100003555214947	10202887345656400	0	0
100003555214947	1393352369	0	0
100003555214947	596652907	0	0
1591726455	1717351895	0	0
1591726455	786544417	0	0
1591726455	1438393252	0	0
1591726455	694545397	0	0
1591726455	10202887345656400	0	0
1591726455	1659943748	0	0
1591726455	1411699343	0	0
1591726455	100000231543614	0	0
1408401940	10202887345656400	0	0
1408401940	1342187375	0	0
1408401940	100003131935860	0	0
1408401940	100001624471599	0	0
1408401940	1372937936	0	0
1408401940	100000403926111	0	0
1408401940	1331863191	0	0
1594386863	1342444465	0	0
1594386863	10202887345656400	0	0
1594386863	1393352369	0	0
748771615	1408609238	0	0
748771615	672758001	0	0
748771615	748963482	0	0
748771615	694545397	0	0
748771615	10202887345656400	0	0
748771615	680099861	0	0
748771615	598968790	0	0
748771615	715273122	0	0
748771615	100001284640381	0	0
748771615	1541409370	0	0
748771615	1354387028	0	0
509061973	575604614	0	0
509061973	10202887345656400	0	0
509061973	785366101	0	0
509061973	691571580	0	0
509061973	1568529403	0	0
1463412857	1731748316	0	0
1463412857	10202887345656400	0	0
691571580	1187410672	0	0
691571580	100001624471599	0	0
691571580	100007885508656	0	0
691571580	100002904201228	0	0
691571580	1508616813	0	0
691571580	1331863191	0	0
691571580	575604614	0	0
691571580	10202887345656400	0	0
691571580	100000569553249	0	0
691571580	1342187375	0	0
691571580	100003131935860	0	0
691571580	509061973	0	0
691571580	1372937936	0	0
1551173790	1119256839	0	0
1551173790	1185357063	0	0
1551173790	1628973322	0	0
1551173790	1473401469	0	0
1551173790	550477980	0	0
1551173790	1498635154	0	0
1551173790	1617340089	0	0
1551173790	10202887345656400	0	0
1551173790	1434465613	0	0
1551173790	1407062063	0	0
1551173790	1336043672	0	0
1551173790	100002447883744	0	0
1551173790	1516252771	0	0
1342444465	100002567128043	0	0
1342444465	768498227	0	0
1342444465	1594386863	0	0
1342444465	10202887345656400	0	0
1342444465	100000651472379	0	0
1342444465	552782728	0	0
1342444465	1515796705	0	0
1342444465	100004005888609	0	0
1417818496	1408609238	0	0
1417818496	10202887345656400	0	0
100000581184827	10202887345656400	0	0
100000581184827	1410131225	0	0
100000581184827	100004338640952	0	0
100006016153554	10202887345656400	0	0
100006016153554	1062185308	0	0
100006016153554	1780599935	0	0
100006016153554	1416563357	0	0
100006016153554	596652907	0	0
791763800	1230679907	0	0
791763800	768498227	0	0
791763800	100000845732145	0	0
791763800	100000830952849	0	0
791763800	1618673625	0	0
791763800	1663428681	0	0
791763800	10202887345656400	0	0
791763800	651819101	0	0
791763800	1467442000	0	0
791763800	1453381816	0	0
1568529403	575604614	0	0
1568529403	10202887345656400	0	0
1568529403	785366101	0	0
1568529403	509061973	0	0
1843226299	1230679907	0	0
1843226299	768498227	0	0
1843226299	1618673625	0	0
1843226299	1663428681	0	0
1843226299	10202887345656400	0	0
1843226299	656929221	0	0
1843226299	651819101	0	0
1843226299	1467442000	0	0
1843226299	1453381816	0	0
1129909612	10202887345656400	0	0
1129909612	1060368596	0	0
1628973322	1119256839	0	0
1628973322	1473401469	0	0
1628973322	550477980	0	0
1628973322	1551173790	0	0
1628973322	1498635154	0	0
1628973322	1617340089	0	0
1628973322	10202887345656400	0	0
1628973322	1407062063	0	0
1628973322	1336043672	0	0
1628973322	1516252771	0	0
100001214229338	10202887345656400	0	0
100001214229338	100000316095780	0	0
100001214229338	1659943748	0	0
100001214229338	1414964727	0	0
100001214229338	100000403926111	0	0
100001214229338	1623275317	0	0
100001214229338	1567274463	0	0
697545734	1583371864	0	0
697545734	1344921699	0	0
697545734	100002133748936	0	0
697545734	1231571476	0	0
697545734	646502543	0	0
697545734	596652907	0	0
697545734	100000569553249	0	0
697545734	1542046872	0	0
697545734	1484063117	0	0
697545734	100000403926111	0	0
697545734	1179036883	0	0
697545734	100001981626617	0	0
697545734	1499263425	0	0
697545734	555189846	0	0
697545734	1302730629	0	0
697545734	1659503958	0	0
697545734	100000523153161	0	0
697545734	1541409370	0	0
697545734	100004338640952	0	0
697545734	1425776972	0	0
697545734	1297997256	0	0
697545734	1731748316	0	0
697545734	1465542499	0	0
697545734	100002904201228	0	0
697545734	100001284640381	0	0
697545734	1187410672	0	0
697545734	1535145889	0	0
697545734	100000257184730	0	0
697545734	694545397	0	0
697545734	10202887345656400	0	0
697545734	1354387028	0	0
697545734	805644682	0	0
697545734	100000442973751	0	0
1607341877	870195595	0	0
1607341877	10202887345656400	0	0
1607341877	100005008060766	0	0
1607341877	100000248112924	0	0
1602417460	10202887345656400	0	0
1602417460	100000651472379	0	0
1602417460	1659943748	0	0
1602417460	1484063117	0	0
1602417460	1297997256	0	0
1602417460	100004005888609	0	0
1602417460	632917120	0	0
598968790	1408609238	0	0
598968790	705771032	0	0
598968790	672758001	0	0
598968790	652176186	0	0
598968790	532286755	0	0
598968790	1731748316	0	0
598968790	748771615	0	0
598968790	596652907	0	0
598968790	672628756	0	0
598968790	1659943748	0	0
598968790	1484063117	0	0
598968790	766085549	0	0
598968790	715273122	0	0
598968790	686094791	0	0
598968790	648957902	0	0
598968790	1410131225	0	0
598968790	1629375284	0	0
598968790	1498635154	0	0
598968790	10202887345656400	0	0
598968790	100000651472379	0	0
598968790	100000523153161	0	0
598968790	1541409370	0	0
1619460740	10202887345656400	0	0
1619460740	1366526117	0	0
1377728291	100000845732145	0	0
1377728291	10202887345656400	0	0
748963482	1408609238	0	0
748963482	100002124233324	0	0
748963482	1731748316	0	0
748963482	748771615	0	0
748963482	646502543	0	0
748963482	1525221175	0	0
748963482	10202887345656400	0	0
748963482	680099861	0	0
748963482	715273122	0	0
748963482	100001284640381	0	0
748963482	1541409370	0	0
100000527614629	10202887345656400	0	0
100000527614629	100000086307485	0	0
100000527614629	1659943748	0	0
100000527614629	100001586745949	0	0
100000527614629	1623275317	0	0
1250817911	10202887345656400	0	0
1250817911	1717351895	0	0
1250817911	1659943748	0	0
1039917195	1388412666	0	0
1039917195	10202887345656400	0	0
1039917195	100000569553249	0	0
1039917195	1745601960	0	0
1039917195	651585216	0	0
1525221175	705771032	0	0
1525221175	1425776972	0	0
1525221175	1297997256	0	0
1525221175	1731748316	0	0
1525221175	1316755824	0	0
1525221175	1060368596	0	0
1525221175	1484063117	0	0
1525221175	1414964727	0	0
1525221175	100001284640381	0	0
1525221175	100000433766415	0	0
1525221175	100000403926111	0	0
1525221175	1438393252	0	0
1525221175	748963482	0	0
1525221175	1567274463	0	0
1525221175	1434275477	0	0
1525221175	100000257184730	0	0
1525221175	10202887345656400	0	0
1525221175	1659503958	0	0
1525221175	100000231543614	0	0
1525221175	1611201410	0	0
1525221175	100004338640952	0	0
1525221175	679281828	0	0
1434275477	10202887345656400	0	0
1434275477	1438393252	0	0
1434275477	100000403926111	0	0
1434275477	1611201410	0	0
1434275477	1567274463	0	0
1434275477	1525221175	0	0
1602755757	10202887345656400	0	0
1602755757	100000651472379	0	0
1611201410	1425776972	0	0
1611201410	1731748316	0	0
1611201410	100002904201228	0	0
1611201410	596652907	0	0
1611201410	1659943748	0	0
1611201410	1414964727	0	0
1611201410	100000403926111	0	0
1611201410	1179036883	0	0
1611201410	100000858456331	0	0
1611201410	1438393252	0	0
1611201410	100002124233324	0	0
1611201410	100001981626617	0	0
1611201410	1525221175	0	0
1611201410	1434275477	0	0
1611201410	694545397	0	0
1611201410	10202887345656400	0	0
1611201410	100000316095780	0	0
1611201410	100000766269068	0	0
1611201410	1526670301	0	0
1611201410	1759784240	0	0
100004338640952	100002133748936	0	0
100004338640952	1425776972	0	0
100004338640952	1297997256	0	0
100004338640952	1060368596	0	0
100004338640952	697545734	0	0
100004338640952	100002904201228	0	0
100004338640952	100000569553249	0	0
100004338640952	1484063117	0	0
100004338640952	100000433766415	0	0
100004338640952	1216208107	0	0
100004338640952	1187410672	0	0
100004338640952	1410131225	0	0
100004338640952	100001981626617	0	0
100004338640952	1686766391	0	0
100004338640952	1629375284	0	0
100004338640952	1567274463	0	0
100004338640952	1525221175	0	0
100004338640952	10202887345656400	0	0
100004338640952	100000581184827	0	0
100004338640952	656929221	0	0
100004338640952	642370458	0	0
100001662339814	1408609238	0	0
100001662339814	10202887345656400	0	0
100001662339814	1425776972	0	0
100001662339814	100001284640381	0	0
100001662339814	1316755824	0	0
100001662339814	100000403926111	0	0
100001662339814	100001373962666	0	0
1218554096	10202887345656400	0	0
1218554096	1629134712	0	0
1218554096	1547022242	0	0
870195595	1465542499	0	0
870195595	1607341877	0	0
870195595	100003014259015	0	0
870195595	575604614	0	0
870195595	10202887345656400	0	0
870195595	1346916216	0	0
870195595	100000248112924	0	0
870195595	1654943022	0	0
870195595	1437570698	0	0
1366721509	1663428681	0	0
1366721509	1230679907	0	0
1366721509	10202887345656400	0	0
1366721509	768498227	0	0
1366721509	1453381816	0	0
100001547991101	1195444587	0	0
100001547991101	10202887345656400	0	0
552782728	529985484	0	0
552782728	10202887345656400	0	0
552782728	100002567128043	0	0
552782728	100000651472379	0	0
552782728	1342444465	0	0
552782728	100004005888609	0	0
1438393252	1425776972	0	0
1438393252	1060368596	0	0
1438393252	1659943748	0	0
1438393252	100000403926111	0	0
1438393252	1647621958	0	0
1438393252	1686766391	0	0
1438393252	1623275317	0	0
1438393252	1567274463	0	0
1438393252	1535145889	0	0
1438393252	1525221175	0	0
1438393252	1434275477	0	0
1438393252	694545397	0	0
1438393252	10202887345656400	0	0
1438393252	642370458	0	0
1438393252	1659503958	0	0
1438393252	100000095530970	0	0
1438393252	1591726455	0	0
1438393252	1611201410	0	0
708004624	10202887345656400	0	0
708004624	1346916216	0	0
708004624	1277862516	0	0
708004624	1077138040	0	0
708004624	1654943022	0	0
100002124233324	1408609238	0	0
100002124233324	672758001	0	0
100002124233324	1425776972	0	0
100002124233324	1414964727	0	0
100002124233324	715273122	0	0
100002124233324	100001284640381	0	0
100002124233324	100000403926111	0	0
100002124233324	748963482	0	0
100002124233324	1499263425	0	0
100002124233324	100001373962666	0	0
100002124233324	1567274463	0	0
100002124233324	10202887345656400	0	0
100002124233324	1541409370	0	0
100002124233324	1611201410	0	0
100000422736493	10202887345656400	0	0
100000422736493	672628756	0	0
100000422736493	1484063117	0	0
100000422736493	672758001	0	0
100000422736493	100000346253194	0	0
100000086307485	100000527614629	0	0
100000086307485	10202887345656400	0	0
100000086307485	596652907	0	0
1422595987	1552345178	0	0
1422595987	1195444587	0	0
1422595987	10202887345656400	0	0
1422595987	1048568972	0	0
1422595987	100000471291161	0	0
1422595987	666327766	0	0
1422595987	10203691774996017	0	0
100000095530970	10202887345656400	0	0
100000095530970	100000403926111	0	0
100000095530970	1438393252	0	0
100000095530970	1414964727	0	0
1354387028	672758001	0	0
1354387028	100002133748936	0	0
1354387028	100001981626617	0	0
1354387028	1731748316	0	0
1354387028	1499263425	0	0
1354387028	748771615	0	0
1354387028	697545734	0	0
1354387028	10202887345656400	0	0
1354387028	100000569553249	0	0
1354387028	715273122	0	0
1354387028	100001284640381	0	0
1354387028	100000403926111	0	0
1119256839	1628973322	0	0
1119256839	1473401469	0	0
1119256839	532286755	0	0
1119256839	1617340089	0	0
1119256839	1434465613	0	0
1119256839	1516252771	0	0
1119256839	648957902	0	0
1119256839	550477980	0	0
1119256839	1551173790	0	0
1119256839	1424724587	0	0
1119256839	1498635154	0	0
1119256839	10202887345656400	0	0
1119256839	1407062063	0	0
1119256839	1526231947	0	0
1119256839	1336043672	0	0
532286755	1408609238	0	0
532286755	1119256839	0	0
532286755	672758001	0	0
532286755	652176186	0	0
532286755	1484063117	0	0
532286755	598968790	0	0
532286755	686094791	0	0
532286755	648957902	0	0
532286755	647091579	0	0
532286755	550477980	0	0
532286755	1498635154	0	0
532286755	10202887345656400	0	0
532286755	1526231947	0	0
532286755	694595874	0	0
632917120	1602417460	0	0
632917120	1408609238	0	0
632917120	10202887345656400	0	0
632917120	672628756	0	0
632917120	100002133748936	0	0
632917120	100002904201228	0	0
1565227028	10202887345656400	0	0
1565227028	1240654185	0	0
1659943748	1344921699	0	0
1659943748	1321472902	0	0
1659943748	100001214229338	0	0
1659943748	596652907	0	0
1659943748	1602417460	0	0
1659943748	703915804	0	0
1659943748	598968790	0	0
1659943748	1098303282	0	0
1659943748	100000403926111	0	0
1659943748	100000283963121	0	0
1659943748	1717351895	0	0
1659943748	100002144830844	0	0
1659943748	100001586745949	0	0
1659943748	100000527614629	0	0
1659943748	1250817911	0	0
1659943748	1302730629	0	0
1659943748	1814206413	0	0
1659943748	1510208213	0	0
1659943748	1591726455	0	0
1659943748	1611201410	0	0
1659943748	100000377673327	0	0
1659943748	1297997256	0	0
1659943748	1731748316	0	0
1659943748	1539714784	0	0
1659943748	1393352369	0	0
1659943748	1438393252	0	0
1659943748	100000641996988	0	0
1659943748	100001373962666	0	0
1659943748	1623275317	0	0
1659943748	1567274463	0	0
1659943748	10202887345656400	0	0
1659943748	100000231543614	0	0
1659943748	1666223352	0	0
1542046872	10202887345656400	0	0
1542046872	697545734	0	0
1411699343	10202887345656400	0	0
1411699343	1717351895	0	0
1411699343	1591726455	0	0
100000346253194	100000635016978	0	0
100000346253194	1558276911	0	0
100000346253194	100002133748936	0	0
100000346253194	100000422736493	0	0
100000346253194	1686766391	0	0
100000346253194	1465542499	0	0
100000346253194	1486376435	0	0
100000346253194	10202887345656400	0	0
100000346253194	672628756	0	0
100000346253194	1484063117	0	0
100000346253194	100000766269068	0	0
100000346253194	1759784240	0	0
100000283963121	100001576031005	0	0
100000283963121	10202887345656400	0	0
100000283963121	100000377673327	0	0
100000283963121	1659943748	0	0
686094791	10202887345656400	0	0
686094791	598968790	0	0
686094791	550477980	0	0
686094791	532286755	0	0
686094791	1424724587	0	0
686094791	1498635154	0	0
686094791	648957902	0	0
1377851303	1552345178	0	0
1377851303	1195444587	0	0
1377851303	1469799566	0	0
1377851303	1048568972	0	0
1377851303	100000471291161	0	0
1377851303	10203691774996017	0	0
1377851303	10202887345656400	0	0
1377851303	666327766	0	0
100000523153161	100002144830844	0	0
100000523153161	1731748316	0	0
100000523153161	697545734	0	0
100000523153161	100001373962666	0	0
100000523153161	10202887345656400	0	0
100000523153161	598968790	0	0
100000523153161	715273122	0	0
100000523153161	640288042	0	0
100000523153161	100000403926111	0	0
1759784240	100000635016978	0	0
1759784240	694545397	0	0
1759784240	10202887345656400	0	0
1759784240	100000316095780	0	0
1759784240	100000766269068	0	0
1759784240	1414964727	0	0
1759784240	1526670301	0	0
1759784240	1611201410	0	0
1759784240	100000346253194	0	0
708780549	694545397	0	0
708780549	10202887345656400	0	0
708780549	723172186	0	0
708780549	656929221	0	0
1230679907	1843226299	0	0
1230679907	768498227	0	0
1230679907	100000845732145	0	0
1230679907	1366721509	0	0
1230679907	100000830952849	0	0
1230679907	1618673625	0	0
1230679907	100001639216058	0	0
1230679907	1663428681	0	0
1230679907	1467442000	0	0
1230679907	1453381816	0	0
1230679907	10202887345656400	0	0
1230679907	791763800	0	0
1230679907	651819101	0	0
1230679907	1464931818	0	0
100000471291161	1552345178	0	0
100000471291161	1195444587	0	0
100000471291161	1469799566	0	0
100000471291161	1048568972	0	0
100000471291161	10203691774996017	0	0
100000471291161	10202887345656400	0	0
100000471291161	1422595987	0	0
100000471291161	1377851303	0	0
100000471291161	666327766	0	0
100000471291161	1437570698	0	0
1780599935	1731748316	0	0
1780599935	10202887345656400	0	0
1780599935	1062185308	0	0
1780599935	100006016153554	0	0
100002904201228	697545734	0	0
100002904201228	646502543	0	0
100002904201228	1528135224	0	0
100002904201228	632917120	0	0
100002904201228	100000569553249	0	0
100002904201228	1532377551	0	0
100002904201228	100000403926111	0	0
100002904201228	100000858456331	0	0
100002904201228	1187410672	0	0
100002904201228	691571580	0	0
100002904201228	100000695438247	0	0
100002904201228	10202887345656400	0	0
100002904201228	100006667627503	0	0
100002904201228	1611201410	0	0
100002904201228	100004338640952	0	0
100002854744801	10202887345656400	0	0
100002854744801	100000578884673	0	0
100002854744801	100000482383891	0	0
100002854744801	596652907	0	0
100004005888609	1602417460	0	0
100004005888609	1342444465	0	0
100004005888609	10202887345656400	0	0
100004005888609	552782728	0	0
1277862516	10202887345656400	0	0
1277862516	1346916216	0	0
1277862516	708004624	0	0
1277862516	1654943022	0	0
1326189468	575604614	0	0
1326189468	10202887345656400	0	0
647091579	10202887345656400	0	0
647091579	1526231947	0	0
647091579	1095902725	0	0
647091579	652176186	0	0
647091579	532286755	0	0
647091579	1424724587	0	0
550477980	1119256839	0	0
550477980	1628973322	0	0
550477980	1473401469	0	0
550477980	532286755	0	0
550477980	1434465613	0	0
550477980	1516252771	0	0
550477980	686094791	0	0
550477980	648957902	0	0
550477980	1551173790	0	0
550477980	1424724587	0	0
550477980	1498635154	0	0
550477980	10202887345656400	0	0
550477980	1407062063	0	0
550477980	1526231947	0	0
550477980	1336043672	0	0
100004072332236	10202887345656400	0	0
100004072332236	100000403926111	0	0
100000257184730	100000858456331	0	0
100000257184730	1425776972	0	0
100000257184730	1499263425	0	0
100000257184730	1060368596	0	0
100000257184730	697545734	0	0
100000257184730	1567274463	0	0
100000257184730	1525221175	0	0
100000257184730	694545397	0	0
100000257184730	10202887345656400	0	0
100000257184730	100000403926111	0	0
694545397	786544417	0	0
694545397	1425776972	0	0
694545397	1731748316	0	0
694545397	748771615	0	0
694545397	100002151140698	0	0
694545397	1595256863	0	0
694545397	697545734	0	0
694545397	646502543	0	0
694545397	1414964727	0	0
694545397	715273122	0	0
694545397	100000403926111	0	0
694545397	100000858456331	0	0
694545397	1438393252	0	0
694545397	100001981626617	0	0
694545397	1499263425	0	0
694545397	1567274463	0	0
694545397	1146383416	0	0
694545397	100000257184730	0	0
694545397	10202887345656400	0	0
694545397	1541409370	0	0
694545397	1591726455	0	0
694545397	100000231543614	0	0
694545397	1759784240	0	0
694545397	1611201410	0	0
694545397	708780549	0	0
1407062063	1119256839	0	0
1407062063	1185357063	0	0
1407062063	1628973322	0	0
1407062063	1473401469	0	0
1407062063	550477980	0	0
1407062063	1551173790	0	0
1407062063	1498635154	0	0
1407062063	1617340089	0	0
1407062063	10202887345656400	0	0
1407062063	1526231947	0	0
1407062063	1336043672	0	0
1407062063	1516252771	0	0
1372937936	691571580	0	0
1372937936	100001624471599	0	0
1372937936	1528135224	0	0
1372937936	1331863191	0	0
1372937936	10202887345656400	0	0
1372937936	1342187375	0	0
1372937936	100003131935860	0	0
1372937936	1408401940	0	0
1372937936	1647621958	0	0
100000231543614	694545397	0	0
100000231543614	10202887345656400	0	0
100000231543614	1717351895	0	0
100000231543614	1659943748	0	0
100000231543614	1591726455	0	0
100000231543614	1623275317	0	0
100000231543614	1525221175	0	0
1583371864	1297997256	0	0
1583371864	1499263425	0	0
1583371864	697545734	0	0
1583371864	555189846	0	0
1583371864	1567274463	0	0
1583371864	10202887345656400	0	0
1583371864	100000569553249	0	0
1583371864	1484063117	0	0
1583371864	680099861	0	0
1583371864	100000433766415	0	0
1583371864	1098303282	0	0
1321472902	10202887345656400	0	0
1321472902	1659943748	0	0
100001817018452	1538382939	0	0
100001817018452	10202887345656400	0	0
100001817018452	100001644732840	0	0
100001817018452	723172186	0	0
100001817018452	100000582553673	0	0
100001817018452	1464931818	0	0
1316755824	10202887345656400	0	0
1316755824	100000316095780	0	0
1316755824	100001662339814	0	0
1316755824	1525221175	0	0
100000830952849	1230679907	0	0
100000830952849	10202887345656400	0	0
100000830952849	723172186	0	0
100000830952849	791763800	0	0
100000830952849	651819101	0	0
100000830952849	1467442000	0	0
100000830952849	1453381816	0	0
596652907	1797720215	0	0
596652907	705771032	0	0
596652907	1731748316	0	0
596652907	697545734	0	0
596652907	672628756	0	0
596652907	1659943748	0	0
596652907	1484063117	0	0
596652907	598968790	0	0
596652907	100002854744801	0	0
596652907	100000403926111	0	0
596652907	10202887345656400	0	0
596652907	100000086307485	0	0
596652907	100006016153554	0	0
596652907	100003555214947	0	0
596652907	1611201410	0	0
596652907	679281828	0	0
715273122	1408609238	0	0
715273122	672758001	0	0
715273122	1297997256	0	0
715273122	1731748316	0	0
715273122	748771615	0	0
715273122	646502543	0	0
715273122	672628756	0	0
715273122	1484063117	0	0
715273122	598968790	0	0
715273122	100001284640381	0	0
715273122	1393352369	0	0
715273122	1313936837	0	0
715273122	100002124233324	0	0
715273122	748963482	0	0
715273122	694545397	0	0
715273122	10202887345656400	0	0
715273122	680099861	0	0
715273122	100000523153161	0	0
715273122	1541409370	0	0
715273122	1528826099	0	0
715273122	1354387028	0	0
715273122	805644682	0	0
1540725124	10202887345656400	0	0
1540725124	642370458	0	0
640288042	1297997256	0	0
640288042	1686766391	0	0
640288042	1623275317	0	0
640288042	1567274463	0	0
640288042	10202887345656400	0	0
640288042	100000569553249	0	0
640288042	100000523153161	0	0
640288042	100000403926111	0	0
100000403926111	100001214229338	0	0
100000403926111	697545734	0	0
100000403926111	646502543	0	0
100000403926111	596652907	0	0
100000403926111	100000569553249	0	0
100000403926111	1659943748	0	0
100000403926111	1414964727	0	0
100000403926111	100000433766415	0	0
100000403926111	640288042	0	0
100000403926111	1717351895	0	0
100000403926111	100001981626617	0	0
100000403926111	1686766391	0	0
100000403926111	1525221175	0	0
100000403926111	1434275477	0	0
100000403926111	100000766269068	0	0
100000403926111	1659503958	0	0
100000403926111	100000523153161	0	0
100000403926111	1526670301	0	0
100000403926111	1611201410	0	0
100000403926111	1408401940	0	0
100000403926111	100001662339814	0	0
100000403926111	1425776972	0	0
100000403926111	1731748316	0	0
100000403926111	1060368596	0	0
100000403926111	100002904201228	0	0
100000403926111	100000858456331	0	0
100000403926111	1438393252	0	0
100000403926111	100002124233324	0	0
100000403926111	100004072332236	0	0
100000403926111	100000695438247	0	0
100000403926111	1567274463	0	0
100000403926111	100000257184730	0	0
100000403926111	694545397	0	0
100000403926111	10202887345656400	0	0
100000403926111	100000316095780	0	0
100000403926111	100000095530970	0	0
100000403926111	1354387028	0	0
100000403926111	100000482383891	0	0
1647621958	10202887345656400	0	0
1647621958	1438393252	0	0
1647621958	1342187375	0	0
1647621958	100003131935860	0	0
1647621958	100001624471599	0	0
1647621958	1372937936	0	0
1647621958	1331863191	0	0
1416563357	10202887345656400	0	0
1416563357	1484063117	0	0
1416563357	100006016153554	0	0
1416563357	1731748316	0	0
1416563357	1745601960	0	0
1416563357	1393352369	0	0
1302730629	100002133748936	0	0
1302730629	697545734	0	0
1302730629	1567274463	0	0
1302730629	10202887345656400	0	0
1302730629	100000569553249	0	0
1302730629	1659943748	0	0
1302730629	642370458	0	0
1302730629	100001284640381	0	0
100001576031005	10202887345656400	0	0
100001576031005	100000283963121	0	0
100001576031005	766085549	0	0
1814206413	10202887345656400	0	0
1814206413	1659943748	0	0
100002375388238	10202887345656400	0	0
100002375388238	705771032	0	0
1240654185	10202887345656400	0	0
1240654185	1565227028	0	0
100001065211356	10202887345656400	0	0
100001065211356	1328503049	0	0
100001065211356	623764805	0	0
100001065211356	608193539	0	0
100001065211356	1424724587	0	0
100001065211356	897750098	0	0
100000377673327	10202887345656400	0	0
100000377673327	1659943748	0	0
100000377673327	100001586745949	0	0
100000377673327	1595256863	0	0
100000377673327	100000283963121	0	0
1614127725	10202887345656400	0	0
1614127725	1484063117	0	0
1614127725	1410131225	0	0
1614127725	1393352369	0	0
1425776972	1408609238	0	0
1425776972	100001662339814	0	0
1425776972	1731748316	0	0
1425776972	100002151140698	0	0
1425776972	1595256863	0	0
1425776972	1060368596	0	0
1425776972	697545734	0	0
1425776972	1414964727	0	0
1425776972	100001284640381	0	0
1425776972	100000403926111	0	0
1425776972	100000858456331	0	0
1425776972	1438393252	0	0
1425776972	100002124233324	0	0
1425776972	100001373962666	0	0
1425776972	1567274463	0	0
1425776972	1525221175	0	0
1425776972	100000257184730	0	0
1425776972	694545397	0	0
1425776972	10202887345656400	0	0
1425776972	100000316095780	0	0
1425776972	100000766269068	0	0
1425776972	1659503958	0	0
1425776972	1611201410	0	0
1425776972	100004338640952	0	0
582508078	10202887345656400	0	0
582508078	539647942	0	0
1465542499	1410131225	0	0
1465542499	100002133748936	0	0
1465542499	1731748316	0	0
1465542499	1499263425	0	0
1465542499	870195595	0	0
1465542499	697545734	0	0
1465542499	10202887345656400	0	0
1465542499	100000569553249	0	0
1465542499	642370458	0	0
1465542499	100000346253194	0	0
100007885508656	10202887345656400	0	0
100007885508656	100006667627503	0	0
100007885508656	691571580	0	0
100000578884673	100002854744801	0	0
100000578884673	10202887345656400	0	0
100000578884673	100000482383891	0	0
1216208107	10202887345656400	0	0
1216208107	100000569553249	0	0
1216208107	672758001	0	0
1216208107	100001981626617	0	0
1216208107	1686766391	0	0
1216208107	100004338640952	0	0
1644908806	1731748316	0	0
1644908806	10202887345656400	0	0
10203691774996017	1552345178	0	0
10203691774996017	1195444587	0	0
10203691774996017	1469799566	0	0
10203691774996017	1048568972	0	0
10203691774996017	100000471291161	0	0
10203691774996017	10202887345656400	0	0
10203691774996017	1422595987	0	0
10203691774996017	1377851303	0	0
10203691774996017	666327766	0	0
1567274463	1583371864	0	0
1567274463	1425776972	0	0
1567274463	1297997256	0	0
1567274463	100001214229338	0	0
1567274463	1060368596	0	0
1567274463	1659943748	0	0
1567274463	1414964727	0	0
1567274463	100000433766415	0	0
1567274463	640288042	0	0
1567274463	100000403926111	0	0
1567274463	1438393252	0	0
1567274463	100002124233324	0	0
1567274463	1686766391	0	0
1567274463	1302730629	0	0
1567274463	1525221175	0	0
1567274463	1434275477	0	0
1567274463	100000257184730	0	0
1567274463	694545397	0	0
1567274463	10202887345656400	0	0
1567274463	642370458	0	0
1567274463	1528826099	0	0
1567274463	100004338640952	0	0
1535145889	10202887345656400	0	0
1535145889	1438393252	0	0
1535145889	100002133748936	0	0
1535145889	1659503958	0	0
1535145889	1731748316	0	0
1535145889	100000433766415	0	0
1535145889	697545734	0	0
1654943022	1277862516	0	0
1654943022	708004624	0	0
1654943022	870195595	0	0
1654943022	100000257541129	0	0
1654943022	575604614	0	0
1654943022	10202887345656400	0	0
1654943022	1346916216	0	0
1654943022	1077138040	0	0
1654943022	100000248112924	0	0
100000548623527	10202887345656400	0	0
100000548623527	100002133748936	0	0
100000548623527	1297997256	0	0
1344921699	10202887345656400	0	0
1344921699	1659943748	0	0
1344921699	100001284640381	0	0
1344921699	1731748316	0	0
1344921699	1526670301	0	0
1344921699	697545734	0	0
529985484	575012474	0	0
529985484	10202887345656400	0	0
529985484	552782728	0	0
529985484	1622191196	0	0
100002965227706	10202887345656400	0	0
100002965227706	1146383416	0	0
786544417	694545397	0	0
786544417	10202887345656400	0	0
786544417	1591726455	0	0
100000845732145	1230679907	0	0
100000845732145	768498227	0	0
100000845732145	1618673625	0	0
100000845732145	100001639216058	0	0
100000845732145	1663428681	0	0
100000845732145	10202887345656400	0	0
100000845732145	791763800	0	0
100000845732145	651819101	0	0
100000845732145	1467442000	0	0
100000845732145	1453381816	0	0
100000845732145	1377728291	0	0
1414964727	1425776972	0	0
1414964727	100001214229338	0	0
1414964727	1060368596	0	0
1414964727	646502543	0	0
1414964727	1528135224	0	0
1414964727	1532377551	0	0
1414964727	100000403926111	0	0
1414964727	100002124233324	0	0
1414964727	100001981626617	0	0
1414964727	1686766391	0	0
1414964727	1567274463	0	0
1414964727	1525221175	0	0
1414964727	694545397	0	0
1414964727	10202887345656400	0	0
1414964727	100000316095780	0	0
1414964727	100000766269068	0	0
1414964727	100000095530970	0	0
1414964727	1759784240	0	0
1414964727	1611201410	0	0
1516252771	1119256839	0	0
1516252771	1185357063	0	0
1516252771	1628973322	0	0
1516252771	1473401469	0	0
1516252771	550477980	0	0
1516252771	1551173790	0	0
1516252771	1617340089	0	0
1516252771	10202887345656400	0	0
1516252771	1407062063	0	0
1516252771	1336043672	0	0
1062185308	10202887345656400	0	0
1062185308	100006016153554	0	0
1062185308	1780599935	0	0
100000246619166	10202887345656400	0	0
100000246619166	656929221	0	0
100000246619166	100000582553673	0	0
1146383416	694545397	0	0
1146383416	10202887345656400	0	0
1146383416	100002965227706	0	0
1510208213	10202887345656400	0	0
1510208213	1659943748	0	0
1342187375	691571580	0	0
1342187375	100001624471599	0	0
1342187375	1528135224	0	0
1342187375	1508616813	0	0
1342187375	1331863191	0	0
1342187375	10202887345656400	0	0
1342187375	100000569553249	0	0
1342187375	100003131935860	0	0
1342187375	100006667627503	0	0
1342187375	1372937936	0	0
1342187375	1408401940	0	0
1342187375	1647621958	0	0
100001743407623	1731748316	0	0
100001743407623	10202887345656400	0	0
100000766269068	1425776972	0	0
100000766269068	100002151140698	0	0
100000766269068	1414964727	0	0
100000766269068	100001284640381	0	0
100000766269068	100000403926111	0	0
100000766269068	100000346253194	0	0
100000766269068	100000635016978	0	0
100000766269068	1558276911	0	0
100000766269068	1094426761	0	0
100000766269068	1486376435	0	0
100000766269068	10202887345656400	0	0
100000766269068	100000316095780	0	0
100000766269068	1526670301	0	0
100000766269068	1759784240	0	0
100000766269068	1611201410	0	0
785366101	575604614	0	0
785366101	10202887345656400	0	0
785366101	1568529403	0	0
785366101	509061973	0	0
1054171618	10202887345656400	0	0
1054171618	1745601960	0	0
1054171618	1393352369	0	0
1464931818	1538382939	0	0
1464931818	1230679907	0	0
1464931818	10202887345656400	0	0
1464931818	100001644732840	0	0
1464931818	723172186	0	0
1464931818	100000582553673	0	0
1464931818	100001817018452	0	0
1336043672	1119256839	0	0
1336043672	1185357063	0	0
1336043672	1628973322	0	0
1336043672	1473401469	0	0
1336043672	1617340089	0	0
1336043672	1434465613	0	0
1336043672	1516252771	0	0
1336043672	648957902	0	0
1336043672	550477980	0	0
1336043672	1551173790	0	0
1336043672	1424724587	0	0
1336043672	1498635154	0	0
1336043672	10202887345656400	0	0
1336043672	1407062063	0	0
1336043672	1526231947	0	0
539647942	10202887345656400	0	0
539647942	582508078	0	0
100005008060766	100003014259015	0	0
100005008060766	10202887345656400	0	0
100005008060766	100000248112924	0	0
100005008060766	1607341877	0	0
679281828	10202887345656400	0	0
679281828	1525221175	0	0
679281828	596652907	0	0
100002567128043	1342444465	0	0
100002567128043	10202887345656400	0	0
100002567128043	100000651472379	0	0
100002567128043	552782728	0	0
1473401469	1119256839	0	0
1473401469	1628973322	0	0
1473401469	550477980	0	0
1473401469	1551173790	0	0
1473401469	10202887345656400	0	0
1473401469	1407062063	0	0
1473401469	1336043672	0	0
1473401469	1516252771	0	0
1432429494	10202887345656400	0	0
1432429494	100000666300821	0	0
1432429494	100001981626617	0	0
1060368596	1129909612	0	0
1060368596	1425776972	0	0
1060368596	1297997256	0	0
1060368596	1528135224	0	0
1060368596	100000569553249	0	0
1060368596	1532377551	0	0
1060368596	1414964727	0	0
1060368596	100000403926111	0	0
1060368596	1438393252	0	0
1060368596	1686766391	0	0
1060368596	1567274463	0	0
1060368596	1525221175	0	0
1060368596	100000257184730	0	0
1060368596	10202887345656400	0	0
1060368596	1659503958	0	0
1060368596	100004338640952	0	0
1618673625	1230679907	0	0
1618673625	1843226299	0	0
1618673625	100000845732145	0	0
1618673625	100001639216058	0	0
1618673625	1663428681	0	0
1618673625	10202887345656400	0	0
1618673625	791763800	0	0
1618673625	651819101	0	0
1618673625	1467442000	0	0
1618673625	1453381816	0	0
1331863191	691571580	0	0
1331863191	100001624471599	0	0
1331863191	1508616813	0	0
1331863191	10202887345656400	0	0
1331863191	1342187375	0	0
1331863191	100006667627503	0	0
1331863191	1372937936	0	0
1331863191	1408401940	0	0
1331863191	1647621958	0	0
1629134712	10202887345656400	0	0
1629134712	1218554096	0	0
672628756	1408609238	0	0
672628756	672758001	0	0
672628756	1297997256	0	0
672628756	1231571476	0	0
672628756	652176186	0	0
672628756	632917120	0	0
672628756	596652907	0	0
672628756	100000569553249	0	0
672628756	1484063117	0	0
672628756	598968790	0	0
672628756	715273122	0	0
672628756	1393352369	0	0
672628756	100000346253194	0	0
672628756	1410131225	0	0
672628756	100000422736493	0	0
672628756	10202887345656400	0	0
1619461521	10202887345656400	0	0
1619461521	642370458	0	0
100001284640381	1408609238	0	0
100001284640381	1344921699	0	0
100001284640381	100001662339814	0	0
100001284640381	672758001	0	0
100001284640381	1425776972	0	0
100001284640381	1731748316	0	0
100001284640381	748771615	0	0
100001284640381	697545734	0	0
100001284640381	646502543	0	0
100001284640381	715273122	0	0
100001284640381	100000858456331	0	0
100001284640381	100002124233324	0	0
100001284640381	748963482	0	0
100001284640381	1499263425	0	0
100001284640381	1302730629	0	0
100001284640381	100001373962666	0	0
100001284640381	1525221175	0	0
100001284640381	10202887345656400	0	0
100001284640381	680099861	0	0
100001284640381	100000766269068	0	0
100001284640381	1541409370	0	0
100001284640381	1354387028	0	0
1467442000	1230679907	0	0
1467442000	1843226299	0	0
1467442000	768498227	0	0
1467442000	100000845732145	0	0
1467442000	100000830952849	0	0
1467442000	1618673625	0	0
1467442000	1663428681	0	0
1467442000	10202887345656400	0	0
1467442000	791763800	0	0
1467442000	651819101	0	0
1467442000	1453381816	0	0
1410131225	1408609238	0	0
1410131225	1614127725	0	0
1410131225	672758001	0	0
1410131225	1297997256	0	0
1410131225	1465542499	0	0
1410131225	10202887345656400	0	0
1410131225	100000581184827	0	0
1410131225	672628756	0	0
1410131225	1484063117	0	0
1410131225	598968790	0	0
1410131225	100004338640952	0	0
1629375284	10202887345656400	0	0
1629375284	1484063117	0	0
1629375284	598968790	0	0
1629375284	1731748316	0	0
1629375284	100004338640952	0	0
10202887345656400	1408609238	0	0
10202887345656400	1231571476	0	0
10202887345656400	652176186	0	0
10202887345656400	1595256863	0	0
10202887345656400	716989724	0	0
10202887345656400	100003014259015	0	0
10202887345656400	1663428681	0	0
10202887345656400	1484063117	0	0
10202887345656400	1095902725	0	0
10202887345656400	100001911589508	0	0
10202887345656400	1113437421	0	0
10202887345656400	100001981626617	0	0
10202887345656400	555189846	0	0
10202887345656400	1282025509	0	0
10202887345656400	100000751959245	0	0
10202887345656400	1541409370	0	0
10202887345656400	1185357063	0	0
10202887345656400	1297997256	0	0
10202887345656400	1513271420	0	0
10202887345656400	1475979005	0	0
10202887345656400	1532377551	0	0
10202887345656400	531504053	0	0
10202887345656400	1552345178	0	0
10202887345656400	575012474	0	0
10202887345656400	1048568972	0	0
10202887345656400	100000582553673	0	0
10202887345656400	100000695438247	0	0
10202887345656400	1486376435	0	0
10202887345656400	100000641996988	0	0
10202887345656400	1623275317	0	0
10202887345656400	100000316095780	0	0
10202887345656400	1328503049	0	0
10202887345656400	666327766	0	0
10202887345656400	1437570698	0	0
10202887345656400	1547022242	0	0
10202887345656400	672758001	0	0
10202887345656400	100002133748936	0	0
10202887345656400	100002151140698	0	0
10202887345656400	646502543	0	0
10202887345656400	100001639216058	0	0
10202887345656400	1075224541	0	0
10202887345656400	1745601960	0	0
10202887345656400	1453381816	0	0
10202887345656400	1179036883	0	0
10202887345656400	648957902	0	0
10202887345656400	100006294912971	0	0
10202887345656400	623764805	0	0
10202887345656400	723172186	0	0
10202887345656400	100002144830844	0	0
10202887345656400	100001586745949	0	0
10202887345656400	1686766391	0	0
10202887345656400	1571010196	0	0
10202887345656400	1508616813	0	0
10202887345656400	680099861	0	0
10202887345656400	1515796705	0	0
10202887345656400	1526670301	0	0
10202887345656400	694595874	0	0
10202887345656400	658494575	0	0
10202887345656400	1731748316	0	0
10202887345656400	897750098	0	0
10202887345656400	1539714784	0	0
10202887345656400	100003131935860	0	0
10202887345656400	766085549	0	0
10202887345656400	1404555373	0	0
10202887345656400	1393352369	0	0
10202887345656400	100002447883744	0	0
10202887345656400	100000858456331	0	0
10202887345656400	1195444587	0	0
10202887345656400	511011825	0	0
10202887345656400	1457983414	0	0
10202887345656400	1424724587	0	0
10202887345656400	100001373962666	0	0
10202887345656400	1594260676	0	0
10202887345656400	575604614	0	0
10202887345656400	100000651472379	0	0
10202887345656400	1346916216	0	0
10202887345656400	1077138040	0	0
10202887345656400	100000482383891	0	0
10202887345656400	100000442973751	0	0
10202887345656400	651585216	0	0
10202887345656400	1666223352	0	0
10202887345656400	1797720215	0	0
10202887345656400	100001662667632	0	0
10202887345656400	1711774090	0	0
10202887345656400	705771032	0	0
10202887345656400	1528135224	0	0
10202887345656400	703915804	0	0
10202887345656400	100000433766415	0	0
10202887345656400	1098303282	0	0
10202887345656400	1717351895	0	0
10202887345656400	1558276911	0	0
10202887345656400	100000208751151	0	0
10202887345656400	1498635154	0	0
10202887345656400	100000257541129	0	0
10202887345656400	1659503958	0	0
10202887345656400	1528826099	0	0
10202887345656400	100004419210243	0	0
10202887345656400	100001644732840	0	0
10202887345656400	1110382705	0	0
10202887345656400	100000248112924	0	0
10202887345656400	100000666300821	0	0
10202887345656400	100000635016978	0	0
10202887345656400	1187410672	0	0
10202887345656400	651152996	0	0
10202887345656400	100001624471599	0	0
10202887345656400	1526231947	0	0
10202887345656400	642370458	0	0
10202887345656400	651819101	0	0
10202887345656400	1538382939	0	0
10202887345656400	768498227	0	0
10202887345656400	1366526117	0	0
10202887345656400	1617340089	0	0
10202887345656400	1388412666	0	0
10202887345656400	100000569553249	0	0
10202887345656400	1434465613	0	0
10202887345656400	1622191196	0	0
10202887345656400	1424358033	0	0
10202887345656400	1469799566	0	0
10202887345656400	1313936837	0	0
10202887345656400	1499263425	0	0
10202887345656400	1094426761	0	0
10202887345656400	1105921646	0	0
10202887345656400	1623987134	0	0
10202887345656400	606077175	0	0
10202887345656400	656929221	0	0
10202887345656400	100003555214947	0	0
10202887345656400	1591726455	0	0
10202887345656400	1408401940	0	0
10202887345656400	1594386863	0	0
10202887345656400	748771615	0	0
10202887345656400	509061973	0	0
10202887345656400	1618060129	0	0
10202887345656400	1463412857	0	0
10202887345656400	691571580	0	0
10202887345656400	1551173790	0	0
10202887345656400	1342444465	0	0
10202887345656400	1417818496	0	0
10202887345656400	100000581184827	0	0
10202887345656400	100006016153554	0	0
10202887345656400	791763800	0	0
10202887345656400	1568529403	0	0
10202887345656400	1843226299	0	0
10202887345656400	1129909612	0	0
10202887345656400	1628973322	0	0
10202887345656400	100001214229338	0	0
10202887345656400	697545734	0	0
10202887345656400	1607341877	0	0
10202887345656400	1602417460	0	0
10202887345656400	686024008	0	0
10202887345656400	598968790	0	0
10202887345656400	1619460740	0	0
10202887345656400	1377728291	0	0
10202887345656400	748963482	0	0
10202887345656400	100000527614629	0	0
10202887345656400	1250817911	0	0
10202887345656400	1039917195	0	0
10202887345656400	1525221175	0	0
10202887345656400	1434275477	0	0
10202887345656400	1602755757	0	0
10202887345656400	1611201410	0	0
10202887345656400	100004338640952	0	0
10202887345656400	100001662339814	0	0
10202887345656400	1218554096	0	0
10202887345656400	870195595	0	0
10202887345656400	1366721509	0	0
10202887345656400	100001547991101	0	0
10202887345656400	552782728	0	0
10202887345656400	1438393252	0	0
10202887345656400	708004624	0	0
10202887345656400	100002124233324	0	0
10202887345656400	100000422736493	0	0
10202887345656400	100000129072915	0	0
10202887345656400	100000086307485	0	0
10202887345656400	1422595987	0	0
10202887345656400	100000095530970	0	0
10202887345656400	1354387028	0	0
10202887345656400	1119256839	0	0
10202887345656400	532286755	0	0
10202887345656400	632917120	0	0
10202887345656400	1565227028	0	0
10202887345656400	1659943748	0	0
10202887345656400	1542046872	0	0
10202887345656400	1411699343	0	0
10202887345656400	100000346253194	0	0
10202887345656400	100000283963121	0	0
10202887345656400	686094791	0	0
10202887345656400	504646648	0	0
10202887345656400	1377851303	0	0
10202887345656400	100000523153161	0	0
10202887345656400	1328392108	0	0
10202887345656400	1759784240	0	0
10202887345656400	708780549	0	0
10202887345656400	1230679907	0	0
10202887345656400	100000471291161	0	0
10202887345656400	1780599935	0	0
10202887345656400	100002904201228	0	0
10202887345656400	100002854744801	0	0
10202887345656400	100004005888609	0	0
10202887345656400	1277862516	0	0
10202887345656400	1326189468	0	0
10202887345656400	647091579	0	0
10202887345656400	550477980	0	0
10202887345656400	100004072332236	0	0
10202887345656400	100000257184730	0	0
10202887345656400	694545397	0	0
10202887345656400	1407062063	0	0
10202887345656400	1372937936	0	0
10202887345656400	100000231543614	0	0
10202887345656400	1583371864	0	0
10202887345656400	1321472902	0	0
10202887345656400	100001817018452	0	0
10202887345656400	1316755824	0	0
10202887345656400	100000830952849	0	0
10202887345656400	596652907	0	0
10202887345656400	715273122	0	0
10202887345656400	1540725124	0	0
10202887345656400	640288042	0	0
10202887345656400	100000403926111	0	0
10202887345656400	1647621958	0	0
10202887345656400	1416563357	0	0
10202887345656400	1302730629	0	0
10202887345656400	100001576031005	0	0
10202887345656400	726263957	0	0
10202887345656400	1814206413	0	0
10202887345656400	100002375388238	0	0
10202887345656400	1240654185	0	0
10202887345656400	100001065211356	0	0
10202887345656400	100000377673327	0	0
10202887345656400	1614127725	0	0
10202887345656400	1425776972	0	0
10202887345656400	582508078	0	0
10202887345656400	1465542499	0	0
10202887345656400	100007885508656	0	0
10202887345656400	1460492028	0	0
10202887345656400	100000578884673	0	0
10202887345656400	1216208107	0	0
10202887345656400	1644908806	0	0
10202887345656400	10203691774996017	0	0
10202887345656400	1567274463	0	0
10202887345656400	1535145889	0	0
10202887345656400	1654943022	0	0
10202887345656400	100000548623527	0	0
10202887345656400	1426520176	0	0
10202887345656400	1344921699	0	0
10202887345656400	529985484	0	0
10202887345656400	100002965227706	0	0
10202887345656400	786544417	0	0
10202887345656400	100000845732145	0	0
10202887345656400	1414964727	0	0
10202887345656400	1516252771	0	0
10202887345656400	1062185308	0	0
10202887345656400	100000246619166	0	0
10202887345656400	1146383416	0	0
10202887345656400	1510208213	0	0
10202887345656400	1342187375	0	0
10202887345656400	100001743407623	0	0
10202887345656400	100000766269068	0	0
10202887345656400	785366101	0	0
10202887345656400	1054171618	0	0
10202887345656400	1464931818	0	0
10202887345656400	1336043672	0	0
10202887345656400	539647942	0	0
10202887345656400	100005008060766	0	0
10202887345656400	679281828	0	0
10202887345656400	100002567128043	0	0
10202887345656400	1473401469	0	0
10202887345656400	1432429494	0	0
10202887345656400	1060368596	0	0
10202887345656400	100003357199210	0	0
10202887345656400	1618673625	0	0
10202887345656400	1331863191	0	0
10202887345656400	1629134712	0	0
10202887345656400	672628756	0	0
10202887345656400	1619461521	0	0
10202887345656400	100001284640381	0	0
10202887345656400	1467442000	0	0
10202887345656400	1410131225	0	0
10202887345656400	1629375284	0	0
10202887345656400	608193539	0	0
10202887345656400	100006667627503	0	0
10202887345656400	805644682	0	0
608193539	10202887345656400	0	0
608193539	100001065211356	0	0
608193539	1328503049	0	0
608193539	623764805	0	0
608193539	897750098	0	0
100006667627503	100007885508656	0	0
100006667627503	100002904201228	0	0
100006667627503	1508616813	0	0
100006667627503	1331863191	0	0
100006667627503	575604614	0	0
100006667627503	10202887345656400	0	0
100006667627503	100000569553249	0	0
100006667627503	1342187375	0	0
805644682	672758001	0	0
805644682	100002133748936	0	0
805644682	1297997256	0	0
805644682	1231571476	0	0
805644682	697545734	0	0
805644682	10202887345656400	0	0
805644682	1484063117	0	0
805644682	715273122	0	0
805644682	1528826099	0	0
